00:00:45,   19.5,   39.8,    520
00:01:45,   19.5,   39.8,    515
00:02:45,   19.5,   39.7,    520
00:03:45,   19.5,   39.7,    518
00:04:45,   19.5,   39.7,    518
00:05:45,   19.5,   39.7,    509
00:06:46,   19.5,   39.7,    507
00:07:46,   19.5,   39.7,    506
00:08:46,   19.5,   39.7,    515
00:09:46,   19.5,   39.6,    511
00:10:46,   19.5,   39.7,    509
00:11:46,   19.5,   39.7,    524
00:12:46,   19.5,   39.6,    513
00:13:46,   19.5,   39.6,    520
00:14:46,   19.5,   39.6,    516
00:15:46,   19.5,   39.6,    516
00:16:46,   19.5,   39.6,    512
00:17:46,   19.5,   39.6,    519
00:18:46,   19.5,   39.6,    505
00:19:46,   19.5,   39.6,    512
00:20:46,   19.4,   39.6,    521
00:21:46,   19.4,   39.6,    506
00:22:47,   19.4,   39.6,    524
00:23:47,   19.4,   39.6,    516
00:24:47,   19.4,   39.6,    508
00:25:47,   19.4,   39.5,    515
00:26:47,   19.4,   39.5,    515
00:27:47,   19.4,   39.5,    515
00:28:47,   19.4,   39.5,    516
00:29:47,   19.4,   39.5,    515
00:30:47,   19.4,   39.5,    504
00:31:47,   19.4,   39.5,    511
00:32:47,   19.4,   39.5,    523
00:33:47,   19.4,   39.5,    515
00:34:47,   19.4,   39.5,    515
00:35:47,   19.4,   39.5,    507
00:36:47,   19.4,   39.5,    528
00:37:47,   19.4,   39.5,    513
00:38:47,   19.4,   39.5,    513
00:39:48,   19.4,   39.5,    512
00:40:48,   19.3,   39.5,    512
00:41:48,   19.3,   39.5,    512
00:42:48,   19.3,   39.5,    518
00:43:48,   19.3,   39.5,    515
00:44:48,   19.3,   39.5,    509
00:45:48,   19.3,   39.5,    509
00:46:48,   19.3,   39.5,    505
00:47:48,   19.3,   39.5,    505
00:48:48,   19.3,   39.5,    499
00:49:48,   19.3,   39.5,    506
00:50:48,   19.3,   39.5,    506
00:51:48,   19.3,   39.5,    508
00:52:48,   19.3,   39.5,    509
00:53:48,   19.3,   39.4,    508
00:54:48,   19.3,   39.4,    514
00:55:48,   19.3,   39.4,    514
00:56:49,   19.3,   39.5,    512
00:57:49,   19.3,   39.4,    511
00:58:49,   19.3,   39.5,    519
00:59:49,   19.3,   39.4,    514
01:00:49,   19.2,   39.5,    522
01:01:49,   19.2,   39.5,    520
01:02:49,   19.2,   39.5,    524
01:03:49,   19.2,   39.5,    512
01:04:49,   19.2,   39.5,    513
01:05:49,   19.2,   39.5,    518
01:06:49,   19.2,   39.5,    528
01:07:49,   19.2,   39.4,    521
01:08:49,   19.2,   39.5,    507
01:09:49,   19.2,   39.4,    511
01:10:49,   19.2,   39.5,    508
01:11:49,   19.2,   39.5,    509
01:12:50,   19.1,   39.5,    507
01:13:50,   19.2,   39.5,    515
01:14:50,   19.1,   39.5,    520
01:15:50,   19.1,   39.5,    520
01:16:50,   19.1,   39.5,    511
01:17:50,   19.1,   39.5,    510
01:18:50,   19.1,   39.5,    511
01:19:50,   19.1,   39.5,    510
01:20:50,   19.1,   39.5,    515
01:21:50,   19.1,   39.4,    512
01:22:50,   19.1,   39.4,    511
01:23:50,   19.1,   39.4,    508
01:24:50,   19.1,   39.4,    509
01:25:50,   19.1,   39.4,    510
01:26:50,   19.1,   39.4,    504
01:27:50,   19.1,   39.4,    515
01:28:50,   19.1,   39.4,    511
01:29:50,   19.1,   39.4,    511
01:30:51,   19.1,   39.4,    514
01:31:51,   19.1,   39.4,    510
01:32:51,   19.1,   39.4,    510
01:33:51,   19.1,   39.4,    510
01:34:51,   19.1,   39.4,    520
01:35:51,   19.0,   39.4,    515
01:36:51,   19.0,   39.4,    515
01:37:51,   19.0,   39.4,    513
01:38:51,   19.0,   39.4,    514
01:39:51,   19.0,   39.4,    504
01:40:51,   19.0,   39.4,    504
01:41:51,   19.0,   39.4,    502
01:42:51,   19.0,   39.4,    507
01:43:51,   19.0,   39.4,    516
01:44:51,   19.0,   39.4,    518
01:45:51,   19.0,   39.4,    519
01:46:52,   19.0,   39.4,    504
01:47:52,   19.0,   39.4,    504
01:48:52,   19.0,   39.4,    509
01:49:52,   19.0,   39.4,    505
01:50:52,   19.0,   39.4,    505
01:51:52,   19.0,   39.4,    505
01:52:52,   19.0,   39.4,    509
01:53:52,   18.9,   39.4,    510
01:54:52,   19.0,   39.4,    511
01:55:52,   19.0,   39.4,    510
01:56:52,   18.9,   39.3,    508
01:57:52,   18.9,   39.4,    508
01:58:52,   18.9,   39.4,    511
01:59:52,   18.9,   39.4,    510
02:00:52,   18.9,   39.3,    516
02:01:52,   18.9,   39.3,    511
02:02:52,   18.9,   39.3,    511
02:03:53,   18.9,   39.4,    510
02:04:53,   18.9,   39.4,    511
02:05:53,   18.9,   39.4,    505
02:06:53,   18.9,   39.4,    505
02:07:53,   18.9,   39.4,    499
02:08:53,   18.9,   39.4,    508
02:09:53,   18.9,   39.4,    509
02:10:53,   18.9,   39.4,    511
02:11:53,   18.9,   39.4,    512
02:12:53,   18.9,   39.4,    506
02:13:53,   18.9,   39.3,    511
02:14:53,   18.9,   39.3,    509
02:15:53,   18.9,   39.3,    499
02:16:53,   18.9,   39.3,    500
02:17:53,   18.9,   39.3,    504
02:18:53,   18.9,   39.3,    504
02:19:53,   18.9,   39.3,    511
02:20:54,   18.8,   39.3,    511
02:21:54,   18.8,   39.3,    502
02:22:54,   18.8,   39.3,    502
02:23:54,   18.8,   39.3,    503
02:24:54,   18.8,   39.3,    503
02:25:54,   18.8,   39.3,    506
02:26:54,   18.8,   39.3,    514
02:27:54,   18.8,   39.3,    508
02:28:54,   18.8,   39.3,    508
02:29:54,   18.8,   39.3,    504
02:30:54,   18.8,   39.3,    507
02:31:54,   18.8,   39.3,    495
02:32:54,   18.8,   39.3,    500
02:33:54,   18.8,   39.3,    502
02:34:54,   18.8,   39.3,    514
02:35:54,   18.8,   39.3,    514
02:36:54,   18.8,   39.3,    514
02:37:55,   18.8,   39.3,    505
02:38:55,   18.8,   39.3,    503
02:39:55,   18.8,   39.3,    503
02:40:55,   18.8,   39.3,    505
02:41:55,   18.8,   39.3,    498
02:42:55,   18.8,   39.3,    500
02:43:55,   18.8,   39.2,    498
02:44:55,   18.8,   39.2,    501
02:45:55,   18.8,   39.2,    514
02:46:55,   18.8,   39.2,    511
02:47:55,   18.8,   39.2,    508
02:48:55,   18.7,   39.2,    507
02:49:55,   18.8,   39.2,    508
02:50:55,   18.8,   39.2,    502
02:51:55,   18.7,   39.2,    506
02:52:55,   18.7,   39.2,    508
02:53:55,   18.7,   39.2,    509
02:54:56,   18.7,   39.2,    498
02:55:56,   18.7,   39.2,    504
02:56:56,   18.7,   39.2,    498
02:57:56,   18.7,   39.2,    500
02:58:56,   18.7,   39.2,    507
02:59:56,   18.7,   39.2,    507
03:00:56,   18.7,   39.2,    510
03:01:56,   18.7,   39.2,    505
03:02:56,   18.7,   39.2,    499
03:03:56,   18.7,   39.2,    501
03:04:56,   18.7,   39.2,    499
03:05:56,   18.7,   39.2,    506
03:06:56,   18.7,   39.2,    506
03:07:56,   18.7,   39.2,    500
03:08:56,   18.7,   39.2,    491
03:09:56,   18.7,   39.2,    503
03:10:56,   18.7,   39.2,    499
03:11:57,   18.7,   39.3,    511
03:12:57,   18.6,   39.2,    516
03:13:57,   18.7,   39.2,    506
03:14:57,   18.7,   39.3,    499
03:15:57,   18.6,   39.2,    501
03:16:57,   18.6,   39.2,    499
03:17:57,   18.6,   39.2,    498
03:18:57,   18.6,   39.3,    510
03:19:57,   18.6,   39.3,    501
03:20:57,   18.6,   39.3,    511
03:21:57,   18.6,   39.3,    507
03:22:57,   18.6,   39.3,    507
03:23:57,   18.6,   39.3,    507
03:24:57,   18.6,   39.3,    505
03:25:57,   18.6,   39.3,    502
03:26:57,   18.6,   39.3,    508
03:27:57,   18.6,   39.3,    507
03:28:58,   18.6,   39.3,    495
03:29:58,   18.6,   39.3,    504
03:30:58,   18.6,   39.3,    495
03:31:58,   18.6,   39.2,    501
03:32:58,   18.6,   39.2,    498
03:33:58,   18.6,   39.2,    502
03:34:58,   18.6,   39.2,    497
03:35:58,   18.6,   39.2,    503
03:36:58,   18.6,   39.2,    500
03:37:58,   18.6,   39.2,    506
03:38:58,   18.6,   39.2,    495
03:39:58,   18.6,   39.2,    495
03:40:58,   18.6,   39.2,    495
03:41:58,   18.6,   39.2,    495
03:42:58,   18.6,   39.2,    502
03:43:58,   18.6,   39.2,    497
03:44:59,   18.6,   39.2,    497
03:45:59,   18.6,   39.2,    505
03:46:59,   18.5,   39.2,    511
03:47:59,   18.6,   39.2,    505
03:48:59,   18.5,   39.2,    505
03:49:59,   18.5,   39.2,    502
03:50:59,   18.5,   39.2,    510
03:51:59,   18.5,   39.2,    512
03:52:59,   18.5,   39.2,    502
03:53:59,   18.5,   39.2,    493
03:54:59,   18.5,   39.2,    493
03:55:59,   18.5,   39.2,    499
03:56:59,   18.5,   39.1,    502
03:57:59,   18.5,   39.2,    500
03:58:59,   18.5,   39.1,    501
03:59:59,   18.5,   39.1,    504
04:00:59,   18.5,   39.2,    500
04:01:59,   18.5,   39.2,    500
04:03:00,   18.5,   39.2,    498
04:04:00,   18.5,   39.1,    501
04:05:00,   18.5,   39.2,    499
04:06:00,   18.5,   39.2,    490
04:07:00,   18.5,   39.1,    495
04:08:00,   18.5,   39.2,    495
04:09:00,   18.5,   39.1,    495
04:10:00,   18.5,   39.1,    489
04:11:00,   18.5,   39.1,    495
04:12:00,   18.5,   39.1,    500
04:13:00,   18.5,   39.1,    497
04:14:00,   18.4,   39.1,    500
04:15:00,   18.4,   39.1,    506
04:16:00,   18.4,   39.1,    498
04:17:00,   18.4,   39.1,    507
04:18:00,   18.4,   39.1,    493
04:19:00,   18.4,   39.1,    511
04:20:01,   18.4,   39.1,    504
04:21:01,   18.4,   39.1,    503
04:22:01,   18.4,   39.1,    504
04:23:01,   18.4,   39.1,    498
04:24:01,   18.4,   39.1,    491
04:25:01,   18.4,   39.1,    495
04:26:01,   18.4,   39.1,    495
04:27:01,   18.4,   39.1,    495
04:28:01,   18.4,   39.0,    486
04:29:01,   18.4,   39.1,    491
04:30:01,   18.4,   39.1,    488
04:31:01,   18.4,   39.1,    498
04:32:01,   18.4,   39.1,    485
04:33:01,   18.4,   39.1,    494
04:34:01,   18.4,   39.1,    491
04:35:01,   18.4,   39.1,    501
04:36:01,   18.4,   39.1,    499
04:37:02,   18.4,   39.1,    499
04:38:02,   18.4,   39.1,    502
04:39:02,   18.4,   39.1,    502
04:40:02,   18.4,   39.0,    502
04:41:02,   18.4,   39.0,    502
04:42:02,   18.4,   39.1,    491
04:43:02,   18.3,   39.0,    503
04:44:02,   18.3,   39.0,    498
04:45:02,   18.3,   39.1,    498
04:46:02,   18.3,   39.0,    500
04:47:02,   18.3,   39.0,    495
04:48:02,   18.3,   39.0,    492
04:49:02,   18.3,   39.0,    495
04:50:02,   18.3,   39.0,    489
04:51:02,   18.3,   39.0,    495
04:52:02,   18.3,   39.0,    492
04:53:03,   18.3,   39.0,    499
04:54:03,   18.3,   38.9,    500
04:55:03,   18.3,   38.9,    500
04:56:03,   18.3,   38.9,    497
04:57:03,   18.3,   39.0,    495
04:58:03,   18.3,   38.9,    497
04:59:03,   18.3,   38.9,    491
05:00:03,   18.3,   38.9,    491
05:01:03,   18.3,   38.9,    483
05:02:03,   18.3,   38.9,    483
05:03:03,   18.3,   38.9,    490
05:04:03,   18.3,   38.9,    490
05:05:03,   18.3,   38.9,    487
05:06:03,   18.3,   38.9,    493
05:07:03,   18.3,   38.9,    493
05:08:03,   18.3,   38.8,    491
05:09:03,   18.3,   38.9,    484
05:10:04,   18.3,   38.8,    490
05:11:04,   18.3,   38.8,    487
05:12:04,   18.3,   38.8,    488
05:13:04,   18.3,   38.8,    491
05:14:04,   18.3,   38.8,    491
05:15:04,   18.3,   38.8,    494
05:16:04,   18.3,   38.8,    488
05:17:04,   18.3,   38.8,    487
05:18:04,   18.3,   38.8,    477
05:19:04,   18.3,   38.8,    492
05:20:04,   18.2,   38.8,    494
05:21:04,   18.3,   38.8,    492
05:22:04,   18.2,   38.8,    483
05:23:04,   18.2,   38.8,    488
05:24:04,   18.2,   38.8,    488
05:25:04,   18.2,   38.8,    484
05:26:04,   18.2,   38.8,    487
05:27:05,   18.2,   38.8,    501
05:28:05,   18.2,   38.7,    499
05:29:05,   18.2,   38.7,    494
05:30:05,   18.2,   38.8,    493
05:31:05,   18.2,   38.7,    477
05:32:05,   18.2,   38.7,    489
05:33:05,   18.2,   38.7,    485
05:34:05,   18.2,   38.7,    488
05:35:05,   18.2,   38.7,    490
05:36:05,   18.2,   38.7,    483
05:37:05,   18.2,   38.7,    490
05:38:05,   18.2,   38.7,    490
05:39:05,   18.2,   38.7,    490
05:40:05,   18.2,   38.7,    490
05:41:05,   18.2,   38.7,    500
05:42:05,   18.2,   38.7,    487
05:43:05,   18.2,   38.7,    488
05:44:06,   18.2,   38.6,    488
05:45:06,   18.2,   38.6,    487
05:46:06,   18.2,   38.6,    490
05:47:06,   18.2,   38.5,    490
05:48:06,   18.2,   38.5,    489
05:49:06,   18.2,   38.5,    490
05:50:06,   18.2,   38.5,    489
05:51:06,   18.2,   38.5,    493
05:52:06,   18.2,   38.5,    494
05:53:06,   18.1,   38.5,    482
05:54:06,   18.1,   38.5,    491
05:55:06,   18.1,   38.5,    486
05:56:06,   18.1,   38.5,    491
05:57:06,   18.1,   38.5,    485
05:58:06,   18.1,   38.5,    486
05:59:06,   18.1,   38.5,    484
06:00:06,   18.1,   38.5,    488
06:01:07,   18.1,   38.5,    492
06:02:07,   18.1,   38.5,    495
06:03:07,   18.1,   38.5,    488
06:04:07,   18.1,   38.5,    491
06:05:07,   18.1,   38.5,    486
06:06:07,   18.1,   38.5,    481
06:07:07,   18.1,   38.5,    486
06:08:07,   18.1,   38.4,    483
06:09:07,   18.1,   38.4,    485
06:10:07,   18.1,   38.4,    487
06:11:07,   18.1,   38.4,    488
06:12:07,   18.1,   38.4,    484
06:13:07,   18.1,   38.4,    484
06:14:07,   18.1,   38.4,    489
06:15:07,   18.1,   38.4,    489
06:16:07,   18.1,   38.4,    477
06:17:07,   18.1,   38.4,    477
06:18:08,   18.1,   38.4,    483
06:19:08,   18.1,   38.4,    483
06:20:08,   18.1,   38.4,    489
06:21:08,   18.1,   38.4,    483
06:22:08,   18.1,   38.4,    479
06:23:08,   18.1,   38.4,    478
06:24:08,   18.1,   38.4,    479
06:25:08,   18.1,   38.4,    479
06:26:08,   18.0,   38.4,    481
06:27:08,   18.0,   38.3,    486
06:28:08,   18.0,   38.4,    482
06:29:08,   18.0,   38.4,    489
06:30:08,   18.0,   38.3,    482
06:31:08,   18.0,   38.3,    488
06:32:08,   18.0,   38.3,    484
06:33:08,   18.0,   38.4,    479
06:34:08,   18.0,   38.3,    479
06:35:09,   18.0,   38.3,    483
06:36:09,   18.0,   38.3,    483
06:37:09,   18.0,   38.3,    483
06:38:09,   18.0,   38.3,    483
06:39:09,   18.0,   38.3,    479
06:40:09,   18.0,   38.3,    490
06:41:09,   18.0,   38.3,    493
06:42:09,   18.0,   38.3,    482
06:43:09,   18.0,   38.3,    484
06:44:09,   18.0,   38.3,    479
06:45:09,   18.0,   38.3,    479
06:46:09,   18.0,   38.3,    484
06:47:09,   18.0,   38.3,    488
06:48:09,   18.0,   38.3,    489
06:49:09,   18.0,   38.3,    489
06:50:09,   18.0,   38.3,    487
06:51:09,   18.0,   38.3,    487
06:52:10,   18.0,   38.3,    492
06:53:10,   18.0,   38.3,    489
06:54:10,   18.0,   38.3,    488
06:55:10,   18.0,   38.3,    484
06:56:10,   18.0,   38.3,    487
06:57:10,   18.0,   38.3,    480
06:58:10,   18.0,   38.3,    480
06:59:10,   17.9,   38.3,    480
07:00:10,   17.9,   38.3,    487
07:01:10,   17.9,   38.3,    487
07:02:10,   17.9,   38.3,    482
07:03:10,   17.9,   38.3,    480
07:04:10,   17.9,   38.2,    488
07:05:10,   17.9,   38.2,    480
07:06:10,   17.9,   38.2,    490
07:07:10,   17.9,   38.1,    482
07:08:11,   17.9,   38.2,    481
07:09:11,   17.9,   38.1,    471
07:10:11,   17.9,   38.1,    490
07:11:11,   17.9,   38.1,    494
07:12:11,   17.9,   38.2,    491
07:13:11,   17.9,   38.1,    483
07:14:11,   17.9,   38.2,    490
07:15:11,   17.9,   38.1,    493
07:16:11,   17.9,   38.1,    491
07:17:11,   17.9,   38.1,    487
07:18:11,   17.9,   38.2,    487
07:19:11,   17.9,   38.1,    488
07:20:11,   17.9,   38.1,    484
07:21:11,   17.9,   38.1,    480
07:22:11,   17.9,   38.1,    486
07:23:11,   17.9,   38.1,    483
07:24:11,   17.9,   38.1,    478
07:25:12,   17.9,   38.1,    486
07:26:12,   17.9,   38.1,    490
07:27:12,   17.9,   38.0,    488
07:28:12,   17.9,   38.0,    486
07:29:12,   17.9,   38.0,    491
07:30:12,   17.9,   38.0,    483
07:31:12,   17.9,   38.0,    489
07:32:12,   17.9,   38.0,    491
07:33:12,   17.9,   38.0,    491
07:34:12,   17.9,   38.0,    476
07:35:12,   17.9,   38.0,    482
07:36:12,   17.9,   38.0,    482
07:37:12,   17.9,   38.0,    488
07:38:12,   17.9,   38.0,    492
07:39:12,   17.9,   38.0,    479
07:40:12,   17.9,   37.9,    476
07:41:12,   17.8,   37.9,    476
07:42:13,   17.9,   37.9,    483
07:43:13,   17.9,   37.9,    483
07:44:13,   17.9,   37.9,    470
07:45:13,   17.9,   37.9,    486
07:46:13,   17.9,   37.9,    486
07:47:13,   17.8,   37.9,    486
07:48:13,   17.9,   37.9,    478
07:49:13,   17.9,   37.9,    488
07:50:13,   17.8,   37.9,    478
07:51:13,   17.8,   37.9,    474
07:52:13,   17.8,   37.9,    480
07:53:13,   17.8,   37.8,    478
07:54:13,   17.8,   37.9,    478
07:55:13,   17.8,   37.8,    479
07:56:13,   17.8,   37.9,    482
07:57:13,   17.8,   37.8,    476
07:58:13,   17.8,   37.8,    484
07:59:14,   17.8,   37.8,    481
08:00:14,   17.8,   37.8,    481
08:01:14,   17.8,   37.8,    483
08:02:14,   17.8,   37.8,    481
08:03:14,   17.8,   37.8,    483
08:04:14,   17.8,   37.8,    481
08:05:14,   17.8,   37.8,    477
08:06:14,   17.8,   37.8,    482
08:07:14,   17.8,   37.8,    481
08:08:14,   17.8,   37.8,    482
08:09:14,   17.8,   37.7,    476
08:10:14,   17.8,   37.7,    482
08:11:14,   17.8,   37.7,    488
08:12:14,   17.8,   37.7,    488
08:13:14,   17.8,   37.7,    490
08:14:14,   17.8,   37.7,    480
08:15:15,   17.8,   37.7,    489
08:16:15,   17.8,   37.7,    489
08:17:15,   17.8,   37.6,    490
08:18:15,   17.8,   37.7,    476
08:19:15,   17.8,   37.6,    471
08:20:15,   17.8,   37.7,    468
08:21:15,   17.8,   37.7,    468
08:22:15,   17.8,   37.6,    483
08:23:15,   17.8,   37.6,    483
08:24:15,   17.8,   37.6,    476
08:25:15,   17.8,   37.6,    473
08:26:15,   17.8,   37.5,    482
08:27:15,   17.8,   37.5,    481
08:28:15,   17.8,   37.5,    492
08:29:15,   17.8,   37.5,    492
08:30:15,   17.8,   37.5,    480
08:31:15,   17.8,   37.5,    487
08:32:15,   17.8,   37.5,    474
08:33:16,   17.8,   37.5,    478
08:34:16,   17.8,   37.5,    484
08:35:16,   17.8,   37.5,    482
08:36:16,   17.8,   37.5,    485
08:37:16,   17.8,   37.5,    480
08:38:16,   17.8,   37.5,    473
08:39:16,   17.8,   37.5,    482
08:40:16,   17.8,   37.4,    469
08:41:16,   17.8,   37.4,    472
08:42:16,   17.8,   37.4,    494
08:43:16,   17.8,   37.4,    490
08:44:16,   17.8,   37.4,    482
08:45:16,   17.8,   37.4,    481
08:46:16,   17.8,   37.4,    482
08:47:16,   17.8,   37.4,    488
08:48:16,   17.8,   37.4,    481
08:49:16,   17.8,   37.4,    476
08:50:17,   17.8,   37.4,    476
08:51:17,   17.8,   37.4,    481
08:52:17,   17.8,   37.4,    478
08:53:17,   17.8,   37.4,    492
08:54:17,   17.8,   37.3,    485
08:55:17,   17.8,   37.4,    489
08:56:17,   17.8,   37.4,    488
08:57:17,   17.8,   37.4,    488
08:58:17,   17.8,   37.3,    485
08:59:17,   17.8,   37.3,    483
09:00:17,   17.8,   37.3,    489
09:01:17,   17.8,   37.3,    483
09:02:17,   17.8,   37.3,    487
09:03:17,   17.8,   37.3,    477
09:04:17,   17.8,   37.3,    484
09:05:17,   17.8,   37.3,    484
09:06:18,   17.8,   37.3,    483
09:07:18,   17.8,   37.3,    480
09:08:18,   17.8,   37.3,    474
09:09:18,   17.8,   37.3,    479
09:10:18,   17.8,   37.3,    478
09:11:18,   17.8,   37.3,    480
09:12:18,   17.8,   37.3,    480
09:13:18,   17.8,   37.3,    483
09:14:18,   17.8,   37.3,    470
09:15:18,   17.8,   37.3,    484
09:16:18,   17.8,   37.3,    485
09:17:18,   17.8,   37.2,    484
09:18:18,   17.8,   37.3,    483
09:19:18,   17.8,   37.2,    485
09:20:18,   17.8,   37.2,    477
09:21:18,   17.8,   37.3,    490
09:22:18,   17.8,   37.2,    490
09:23:19,   17.8,   37.2,    490
09:24:19,   17.8,   37.2,    485
09:25:19,   17.8,   37.3,    485
09:26:19,   17.8,   37.2,    485
09:27:19,   17.8,   37.2,    480
09:28:19,   17.8,   37.2,    474
09:29:19,   17.8,   37.2,    474
09:30:19,   17.8,   37.2,    478
09:31:19,   17.8,   37.2,    479
09:32:19,   17.8,   37.2,    478
09:33:19,   17.8,   37.2,    483
09:34:19,   17.8,   37.2,    494
09:35:19,   17.8,   37.2,    480
09:36:19,   17.8,   37.2,    473
09:37:19,   17.8,   37.2,    478
09:38:19,   17.8,   37.2,    484
09:39:19,   17.8,   37.1,    478
09:40:20,   17.8,   37.2,    479
09:41:20,   17.8,   37.2,    477
09:42:20,   17.8,   37.2,    483
09:43:20,   17.8,   37.1,    489
09:44:20,   17.8,   37.2,    483
09:45:20,   17.8,   37.1,    480
09:46:20,   17.8,   37.1,    483
09:47:20,   17.8,   37.2,    487
09:48:20,   17.8,   37.1,    488
09:49:20,   17.8,   37.2,    480
09:50:20,   17.8,   37.2,    480
09:51:20,   17.8,   37.2,    489
09:52:20,   17.8,   37.2,    487
09:53:20,   17.8,   37.2,    483
09:54:20,   17.8,   37.2,    482
09:55:20,   17.8,   37.1,    486
09:56:20,   17.8,   37.1,    482
09:57:21,   17.8,   37.1,    486
09:58:21,   17.8,   37.1,    488
09:59:21,   17.8,   37.1,    486
10:00:21,   17.8,   37.1,    486
10:01:21,   17.8,   37.1,    486
10:02:21,   17.8,   37.0,    481
10:03:21,   17.8,   37.1,    488
10:04:21,   17.8,   37.1,    480
10:05:21,   17.8,   37.0,    480
10:06:21,   17.8,   37.1,    478
10:07:21,   17.8,   37.0,    477
10:08:21,   17.8,   37.0,    476
10:09:21,   17.8,   37.0,    480
10:10:21,   17.8,   37.1,    486
10:11:21,   17.8,   37.0,    480
10:12:21,   17.8,   37.0,    477
10:13:21,   17.8,   37.0,    478
10:14:22,   17.8,   37.0,    481
10:15:22,   17.8,   37.1,    483
10:16:22,   17.8,   37.0,    477
10:17:22,   17.8,   37.0,    492
10:18:22,   17.8,   37.0,    485
10:19:22,   17.8,   37.0,    487
10:20:22,   17.8,   37.0,    481
10:21:22,   17.8,   37.0,    484
10:22:22,   17.8,   37.0,    486
10:23:22,   17.8,   37.0,    477
10:24:22,   17.8,   37.0,    477
10:25:22,   17.8,   37.0,    477
10:26:22,   17.8,   37.0,    486
10:27:22,   17.8,   37.0,    489
10:28:22,   17.8,   37.0,    481
10:29:22,   17.8,   37.0,    473
10:30:22,   17.8,   37.0,    472
10:31:23,   17.8,   37.0,    478
10:32:23,   17.8,   37.0,    481
10:33:23,   17.8,   36.9,    483
10:34:23,   17.8,   37.0,    492
10:35:23,   17.8,   37.0,    479
10:36:23,   17.8,   37.0,    473
10:37:23,   17.8,   36.9,    482
10:38:23,   17.8,   36.9,    482
10:39:23,   17.7,   37.0,    482
10:40:23,   17.7,   37.0,    477
10:41:23,   17.7,   37.0,    474
10:42:23,   17.7,   37.0,    476
10:43:23,   17.7,   36.9,    488
10:44:23,   17.7,   36.9,    483
10:45:23,   17.7,   36.9,    492
10:46:23,   17.7,   37.0,    483
10:47:23,   17.7,   36.9,    472
10:48:24,   17.7,   36.9,    468
10:49:24,   17.7,   36.9,    477
10:50:24,   17.7,   36.9,    477
10:51:24,   17.7,   36.9,    476
10:52:24,   17.7,   36.9,    479
10:53:24,   17.7,   36.9,    479
10:54:24,   17.7,   36.9,    479
10:55:24,   17.7,   36.9,    477
10:56:24,   17.7,   36.9,    477
10:57:24,   17.7,   36.8,    479
10:58:24,   17.7,   36.9,    479
10:59:24,   17.7,   36.9,    482
11:00:24,   17.7,   36.9,    483
11:01:24,   17.7,   36.9,    480
11:02:24,   17.7,   36.9,    480
11:03:24,   17.7,   36.9,    472
11:04:24,   17.7,   36.9,    474
11:05:25,   17.7,   36.9,    474
11:06:25,   17.7,   36.9,    474
11:07:25,   17.7,   36.9,    481
11:08:25,   17.7,   36.9,    487
11:09:25,   17.7,   36.9,    486
11:10:25,   17.7,   36.9,    484
11:11:25,   17.7,   36.9,    483
11:12:25,   17.7,   36.9,    490
11:13:25,   17.7,   36.9,    485
11:14:25,   17.7,   36.9,    483
11:15:25,   17.7,   36.9,    481
11:16:25,   17.7,   36.9,    483
11:17:25,   17.7,   36.9,    471
11:18:25,   17.7,   36.9,    487
11:19:25,   17.7,   36.9,    487
11:20:25,   17.7,   36.9,    484
11:21:25,   17.7,   36.9,    471
11:22:26,   17.7,   36.9,    488
11:23:26,   17.8,   36.9,    488
11:24:26,   17.8,   36.9,    486
11:25:26,   17.7,   36.9,    486
11:26:26,   17.7,   36.8,    492
11:27:26,   17.7,   36.6,    500
11:28:26,   17.8,   36.5,    500
11:29:26,   17.7,   36.4,    500
11:30:26,   17.7,   36.3,    507
11:31:26,   17.8,   36.1,    507
11:32:26,   17.8,   36.1,    512
11:33:26,   17.8,   35.9,    514
11:34:26,   17.8,   35.8,    519
11:35:26,   17.8,   35.7,    520
11:36:26,   17.8,   35.4,    515
11:37:26,   17.8,   35.4,    525
11:38:27,   17.8,   35.2,    512
11:39:27,   17.8,   35.1,    512
11:40:27,   17.8,   35.2,    515
11:41:27,   17.8,   35.1,    525
11:42:27,   17.8,   35.0,    525
11:43:27,   17.8,   35.0,    527
11:44:27,   17.8,   35.0,    527
11:45:27,   17.8,   34.9,    536
11:46:27,   17.8,   34.7,    535
11:47:27,   17.8,   34.7,    540
11:48:27,   17.8,   34.6,    531
11:49:27,   17.8,   34.5,    532
11:50:27,   17.8,   34.4,    530
11:51:27,   17.8,   34.3,    531
11:52:27,   17.8,   34.4,    522
11:53:27,   17.8,   34.3,    535
11:54:27,   17.8,   34.3,    536
11:55:28,   17.8,   34.3,    532
11:56:28,   17.8,   34.2,    542
11:57:28,   17.8,   34.1,    526
11:58:28,   17.8,   34.1,    540
11:59:28,   17.8,   34.0,    532
12:00:28,   17.8,   34.1,    531
12:01:28,   17.8,   34.1,    531
12:02:28,   17.8,   34.0,    529
12:03:28,   17.8,   34.0,    525
12:04:28,   17.8,   34.0,    539
12:05:28,   17.8,   34.0,    544
12:06:28,   17.8,   33.9,    534
12:07:28,   17.8,   33.8,    540
12:08:28,   17.8,   34.0,    546
12:09:28,   17.8,   34.0,    550
12:10:28,   17.9,   34.0,    551
12:11:28,   17.9,   34.0,    546
12:12:29,   18.0,   33.8,    546
12:13:29,   18.1,   33.8,    550
12:14:29,   18.2,   33.7,    555
12:15:29,   18.2,   33.6,    554
12:16:29,   18.3,   33.7,    558
12:17:29,   18.4,   33.5,    556
12:18:29,   18.4,   33.5,    547
12:19:29,   18.6,   33.5,    561
12:20:29,   18.6,   33.5,    550
12:21:29,   18.7,   33.4,    561
12:22:29,   18.8,   33.3,    562
12:23:29,   18.9,   33.2,    576
12:24:29,   19.0,   33.0,    579
12:25:29,   19.1,   32.9,    579
12:26:29,   19.2,   32.8,    588
12:27:29,   19.3,   32.7,    584
12:28:29,   19.4,   32.6,    588
12:29:30,   19.4,   32.4,    600
12:30:30,   19.5,   32.3,    600
12:31:30,   19.6,   32.2,    600
12:32:30,   19.6,   32.1,    592
12:33:30,   19.7,   32.1,    592
12:34:30,   19.8,   32.0,    609
12:35:30,   19.8,   31.8,    599
12:36:30,   19.9,   31.7,    598
12:37:30,   20.0,   31.6,    598
12:38:30,   20.1,   31.5,    612
12:39:30,   20.1,   31.4,    598
12:40:30,   20.2,   31.2,    596
12:41:30,   20.3,   31.1,    600
12:42:30,   20.3,   31.0,    596
12:43:30,   20.4,   30.8,    600
12:44:30,   20.5,   30.8,    600
12:45:31,   20.5,   30.6,    596
12:46:31,   20.6,   30.6,    594
12:47:31,   20.6,   30.5,    596
12:48:31,   20.7,   30.4,    607
12:49:31,   20.7,   30.5,    597
12:50:31,   20.8,   30.3,    595
12:51:31,   20.8,   30.4,    596
12:52:31,   20.9,   30.1,    588
12:53:31,   21.0,   29.8,    598
12:54:31,   21.0,   30.0,    598
12:55:31,   21.1,   29.8,    609
12:56:31,   21.1,   29.6,    602
12:57:31,   21.2,   29.6,    605
12:58:31,   21.2,   29.7,    594
12:59:31,   21.2,   29.7,    598
13:00:31,   21.3,   29.6,    598
13:01:31,   21.3,   29.4,    608
13:02:31,   21.4,   29.2,    604
13:03:32,   21.4,   29.2,    591
13:04:32,   21.5,   29.0,    595
13:05:32,   21.5,   29.2,    595
13:06:32,   21.6,   28.6,    595
13:07:32,   21.6,   28.5,    584
13:08:32,   21.6,   28.1,    600
13:09:32,   21.5,   28.0,    594
13:10:32,   21.5,   28.0,    591
13:11:32,   21.4,   27.8,    574
13:12:32,   21.3,   28.0,    574
13:13:32,   21.3,   28.0,    574
13:14:32,   21.2,   27.8,    572
13:15:32,   21.2,   28.2,    574
13:16:32,   21.2,   28.7,    578
13:17:32,   21.1,   28.8,    584
13:18:32,   21.1,   29.0,    592
13:19:32,   21.1,   29.0,    593
13:20:33,   21.2,   29.0,    605
13:21:33,   21.2,   28.9,    612
13:22:33,   21.3,   28.8,    618
13:23:33,   21.3,   28.6,    614
13:24:33,   21.4,   28.8,    624
13:25:33,   21.4,   28.7,    624
13:26:33,   21.5,   28.6,    627
13:27:33,   21.5,   28.6,    627
13:28:33,   21.5,   28.3,    629
13:29:33,   21.5,   28.3,    629
13:30:33,   21.6,   27.8,    621
13:31:33,   21.5,   27.8,    635
13:32:33,   21.5,   28.0,    633
13:33:33,   21.4,   27.9,    634
13:34:33,   21.4,   27.9,    626
13:35:33,   21.3,   28.3,    633
13:36:33,   21.3,   28.2,    633
13:37:34,   21.3,   28.2,    625
13:38:34,   21.3,   28.1,    625
13:39:34,   21.4,   28.1,    627
13:40:34,   21.4,   28.1,    632
13:41:34,   21.5,   27.8,    632
13:42:34,   21.5,   27.8,    628
13:43:34,   21.5,   27.6,    636
13:44:34,   21.6,   27.6,    636
13:45:34,   21.6,   27.5,    634
13:46:34,   21.6,   27.4,    639
13:47:34,   21.7,   27.7,    636
13:48:34,   21.7,   27.5,    636
13:49:34,   21.7,   27.3,    640
13:50:34,   21.7,   27.2,    646
13:51:34,   21.8,   27.3,    637
13:52:34,   21.8,   27.1,    637
13:53:35,   21.8,   26.6,    637
13:54:35,   21.8,   26.3,    635
13:55:35,   21.8,   26.3,    630
13:56:35,   21.7,   26.5,    635
13:57:35,   21.7,   26.5,    623
13:58:35,   21.6,   26.6,    615
13:59:35,   21.6,   26.4,    619
14:00:35,   21.5,   26.1,    619
14:01:35,   21.5,   26.0,    628
14:02:35,   21.4,   26.2,    628
14:03:35,   21.4,   25.5,    626
14:04:35,   21.3,   24.6,    621
14:05:35,   21.3,   23.5,    621
14:06:35,   21.3,   22.8,    606
14:07:35,   21.3,   23.8,    609
14:08:35,   21.3,   24.6,    612
14:09:35,   21.2,   25.1,    608
14:10:36,   21.2,   25.5,    608
14:11:36,   21.2,   25.6,    618
14:12:36,   21.2,   25.3,    616
14:13:36,   21.3,   25.0,    616
14:14:36,   21.3,   25.3,    614
14:15:36,   21.3,   25.4,    614
14:16:36,   21.3,   25.5,    634
14:17:36,   21.4,   25.4,    616
14:18:36,   21.4,   25.6,    620
14:19:36,   21.5,   25.4,    620
14:20:36,   21.5,   25.2,    628
14:21:36,   21.6,   25.2,    613
14:22:36,   21.6,   25.3,    634
14:23:36,   21.6,   25.5,    634
14:24:36,   21.6,   25.2,    632
14:25:36,   21.6,   25.4,    628
14:26:36,   21.7,   25.3,    620
14:27:37,   21.7,   25.4,    627
14:28:37,   21.7,   25.4,    631
14:29:37,   21.8,   25.1,    631
14:30:37,   21.8,   25.2,    614
14:31:37,   21.8,   25.0,    633
14:32:37,   21.8,   25.0,    614
14:33:37,   21.8,   25.0,    616
14:34:37,   21.8,   25.0,    620
14:35:37,   21.8,   25.2,    626
14:36:37,   21.8,   25.0,    618
14:37:37,   21.9,   25.0,    618
14:38:37,   21.9,   24.8,    621
14:39:37,   21.9,   24.9,    620
14:40:37,   21.9,   24.8,    623
14:41:37,   22.0,   25.1,    625
14:42:37,   22.0,   24.7,    625
14:43:37,   22.0,   24.8,    630
14:44:38,   22.0,   24.8,    629
14:45:38,   22.0,   24.6,    624
14:46:38,   22.0,   24.6,    617
14:47:38,   22.1,   24.5,    626
14:48:38,   22.1,   24.7,    626
14:49:38,   22.1,   24.5,    623
14:50:38,   22.2,   24.6,    617
14:51:38,   22.2,   24.4,    624
14:52:38,   22.2,   24.5,    624
14:53:38,   22.2,   24.6,    631
14:54:38,   22.2,   24.4,    617
14:55:38,   22.2,   24.4,    617
14:56:38,   22.3,   24.3,    617
14:57:38,   22.3,   24.4,    626
14:58:38,   22.3,   24.3,    617
14:59:38,   22.3,   24.2,    623
15:00:38,   22.3,   24.0,    630
15:01:39,   22.4,   24.1,    630
15:02:39,   22.4,   23.9,    635
15:03:39,   22.4,   24.0,    637
15:04:39,   22.4,   24.0,    630
15:05:39,   22.4,   24.0,    637
15:06:39,   22.4,   24.1,    631
15:07:39,   22.4,   23.9,    631
15:08:39,   22.4,   23.9,    636
15:09:39,   22.4,   21.7,    636
15:10:39,   22.3,   20.9,    618
15:11:39,   22.3,   20.5,    600
15:12:39,   22.2,   20.4,    595
15:13:39,   22.1,   20.3,    594
15:14:39,   22.1,   20.4,    572
15:15:39,   22.0,   20.1,    567
15:16:39,   22.0,   20.1,    563
15:17:39,   22.0,   20.0,    554
15:18:40,   21.9,   19.9,    548
15:19:40,   21.9,   19.8,    537
15:20:40,   21.8,   19.7,    548
15:21:40,   21.8,   19.7,    536
15:22:40,   21.8,   19.6,    528
15:23:40,   21.8,   19.7,    533
15:24:40,   21.7,   19.6,    530
15:25:40,   21.7,   19.7,    529
15:26:40,   21.7,   19.7,    523
15:27:40,   21.7,   19.8,    532
15:28:40,   21.6,   19.7,    532
15:29:40,   21.6,   19.7,    532
15:30:40,   21.6,   19.6,    531
15:31:40,   21.6,   19.8,    527
15:32:40,   21.6,   19.7,    531
15:33:40,   21.5,   19.9,    535
15:34:40,   21.5,   19.7,    534
15:35:41,   21.5,   19.7,    534
15:36:41,   21.5,   19.7,    527
15:37:41,   21.5,   19.5,    532
15:38:41,   21.4,   19.5,    530
15:39:41,   21.5,   19.4,    539
15:40:41,   21.5,   19.4,    540
15:41:41,   21.5,   19.4,    528
15:42:41,   21.5,   19.5,    528
15:43:41,   21.4,   19.4,    525
15:44:41,   21.4,   19.5,    523
15:45:41,   21.4,   19.5,    533
15:46:41,   21.4,   19.4,    531
15:47:41,   21.4,   19.4,    522
15:48:41,   21.4,   19.3,    523
15:49:41,   21.4,   19.1,    520
15:50:41,   21.4,   19.3,    532
15:51:41,   21.3,   19.4,    523
15:52:42,   21.3,   19.5,    530
15:53:42,   21.3,   19.7,    530
15:54:42,   21.3,   19.3,    534
15:55:42,   21.3,   19.4,    525
15:56:42,   21.3,   19.4,    531
15:57:42,   21.3,   19.2,    532
15:58:42,   21.3,   19.4,    535
15:59:42,   21.3,   19.5,    531
16:00:42,   21.3,   19.4,    531
16:01:42,   21.3,   19.4,    537
16:02:42,   21.3,   19.6,    539
16:03:42,   21.3,   19.7,    539
16:04:42,   21.3,   19.8,    536
16:05:42,   21.3,   19.7,    533
16:06:42,   21.3,   19.2,    535
16:07:42,   21.3,   18.9,    535
16:08:43,   21.2,   18.9,    532
16:09:43,   21.0,   18.8,    534
16:10:43,   20.9,   19.1,    530
16:11:43,   20.8,   19.5,    531
16:12:43,   20.8,   19.7,    522
16:13:43,   20.8,   19.6,    532
16:14:43,   20.8,   19.6,    532
16:15:43,   20.8,   19.8,    533
16:16:43,   20.9,   19.7,    533
16:17:43,   20.9,   19.7,    542
16:18:43,   20.9,   19.6,    542
16:19:43,   21.0,   19.6,    542
16:20:43,   21.0,   19.6,    537
16:21:43,   21.0,   19.4,    530
16:22:43,   21.0,   19.3,    540
16:23:43,   21.0,   19.5,    540
16:24:43,   21.0,   19.6,    534
16:25:44,   21.0,   19.5,    524
16:26:44,   21.0,   19.5,    535
16:27:44,   21.1,   19.5,    529
16:28:44,   21.1,   19.6,    537
16:29:44,   21.1,   19.4,    537
16:30:44,   21.1,   19.4,    540
16:31:44,   21.1,   19.5,    539
16:32:44,   21.1,   19.5,    534
16:33:44,   21.2,   19.5,    540
16:34:44,   21.2,   19.5,    533
16:35:44,   21.2,   19.2,    533
16:36:44,   21.2,   19.4,    532
16:37:44,   21.2,   19.3,    532
16:38:44,   21.1,   19.3,    532
16:39:44,   21.1,   19.4,    530
16:40:44,   21.1,   19.3,    526
16:41:44,   21.2,   19.2,    520
16:42:45,   21.2,   19.2,    523
16:43:45,   21.1,   19.2,    523
16:44:45,   21.1,   19.1,    526
16:45:45,   21.1,   19.1,    527
16:46:45,   21.1,   19.3,    512
16:47:45,   21.1,   19.3,    514
16:48:45,   21.1,   19.2,    522
16:49:45,   21.1,   19.3,    535
16:50:45,   21.1,   19.3,    535
16:51:45,   21.2,   19.2,    535
16:52:45,   21.2,   19.1,    530
16:53:45,   21.2,   19.1,    534
16:54:45,   21.2,   19.2,    530
16:55:45,   21.2,   19.1,    529
16:56:45,   21.2,   19.1,    525
16:57:45,   21.2,   19.1,    529
16:58:45,   21.2,   19.2,    516
16:59:46,   21.2,   19.1,    531
17:00:46,   21.2,   19.1,    523
17:01:46,   21.2,   19.2,    544
17:02:46,   21.2,   19.2,    540
17:03:46,   21.2,   19.1,    541
17:04:46,   21.2,   19.1,    536
17:05:46,   21.2,   19.1,    533
17:06:46,   21.2,   19.1,    541
17:07:46,   21.2,   19.0,    534
17:08:46,   21.2,   19.0,    526
17:09:46,   21.2,   19.0,    530
17:10:46,   21.2,   18.9,    527
17:11:46,   21.2,   19.0,    536
17:12:46,   21.2,   19.0,    536
17:13:46,   21.2,   18.9,    532
17:14:46,   21.2,   19.1,    530
17:15:47,   21.2,   19.2,    530
17:16:47,   21.2,   19.4,    530
17:17:47,   21.2,   19.7,    528
17:18:47,   21.2,   19.9,    528
17:19:47,   21.2,   20.0,    528
17:20:47,   21.2,   20.3,    536
17:21:47,   21.3,   20.4,    529
17:22:47,   21.3,   20.4,    529
17:23:47,   21.3,   20.5,    541
17:24:47,   21.3,   20.6,    536
17:25:47,   21.3,   20.6,    532
17:26:47,   21.3,   20.6,    533
17:27:47,   21.3,   20.7,    522
17:28:47,   21.3,   20.9,    533
17:29:47,   21.3,   21.1,    536
17:30:47,   21.3,   21.0,    542
17:31:47,   21.3,   21.2,    542
17:32:47,   21.3,   21.4,    542
17:33:48,   21.3,   21.5,    527
17:34:48,   21.3,   21.7,    541
17:35:48,   21.3,   21.8,    545
17:36:48,   21.3,   22.0,    526
17:37:48,   21.3,   22.1,    526
17:38:48,   21.3,   22.2,    526
17:39:48,   21.3,   22.3,    529
17:40:48,   21.3,   22.3,    527
17:41:48,   21.3,   22.3,    522
17:42:48,   21.3,   22.4,    519
17:43:48,   21.3,   22.5,    518
17:44:48,   21.3,   22.6,    513
17:45:48,   21.3,   22.6,    523
17:46:48,   21.3,   22.6,    514
17:47:48,   21.3,   22.7,    514
17:48:48,   21.3,   22.8,    521
17:49:48,   21.3,   22.8,    521
17:50:49,   21.3,   22.9,    516
17:51:49,   21.3,   23.0,    516
17:52:49,   21.3,   23.0,    516
17:53:49,   21.3,   23.1,    518
17:54:49,   21.3,   23.1,    505
17:55:49,   21.3,   23.1,    508
17:56:49,   21.3,   23.1,    503
17:57:49,   21.3,   23.2,    512
17:58:49,   21.2,   23.4,    516
17:59:49,   21.2,   23.4,    514
18:00:49,   21.2,   23.6,    522
18:01:49,   21.2,   23.7,    520
18:02:49,   21.2,   23.6,    529
18:03:49,   21.2,   23.6,    520
18:04:49,   21.2,   23.5,    519
18:05:49,   21.2,   23.6,    511
18:06:49,   21.1,   23.7,    519
18:07:50,   21.2,   23.7,    523
18:08:50,   21.1,   23.8,    529
18:09:50,   21.1,   23.7,    521
18:10:50,   21.1,   23.7,    520
18:11:50,   21.0,   23.8,    521
18:12:50,   20.9,   23.7,    525
18:13:50,   20.8,   24.1,    518
18:14:50,   20.7,   24.3,    526
18:15:50,   20.7,   24.4,    526
18:16:50,   20.6,   24.4,    527
18:17:50,   20.6,   24.5,    527
18:18:50,   20.6,   24.5,    532
18:19:50,   20.6,   24.5,    531
18:20:50,   20.7,   24.5,    532
18:21:50,   20.7,   24.5,    531
18:22:50,   20.8,   24.5,    527
18:23:50,   20.8,   24.5,    525
18:24:51,   20.8,   24.4,    531
18:25:51,   20.8,   24.4,    508
18:26:51,   20.8,   24.5,    508
18:27:51,   20.8,   24.4,    515
18:28:51,   20.8,   24.4,    510
18:29:51,   20.9,   24.4,    510
18:30:51,   20.9,   24.4,    519
18:31:51,   20.9,   24.4,    515
18:32:51,   20.9,   24.4,    510
18:33:51,   20.9,   24.5,    511
18:34:51,   20.9,   24.4,    515
18:35:51,   20.9,   24.5,    518
18:36:51,   20.9,   24.5,    519
18:37:51,   20.9,   24.5,    523
18:38:51,   20.9,   24.5,    521
18:39:51,   21.0,   24.4,    522
18:40:52,   21.0,   24.5,    518
18:41:52,   21.0,   24.5,    522
18:42:52,   21.0,   24.5,    527
18:43:52,   21.0,   24.6,    513
18:44:52,   21.0,   24.6,    509
18:45:52,   21.0,   24.7,    522
18:46:52,   21.0,   24.7,    522
18:47:52,   21.0,   24.8,    526
18:48:52,   21.0,   24.8,    524
18:49:52,   21.0,   24.8,    526
18:50:52,   21.0,   24.9,    520
18:51:52,   21.0,   24.9,    526
18:52:52,   21.0,   24.9,    526
18:53:52,   21.0,   25.1,    524
18:54:52,   21.0,   25.0,    528
18:55:52,   20.9,   25.0,    520
18:56:52,   20.9,   25.0,    510
18:57:53,   20.9,   25.0,    512
18:58:53,   20.9,   25.0,    505
18:59:53,   20.9,   25.0,    505
19:00:53,   20.9,   25.1,    509
19:01:53,   20.9,   25.0,    510
19:02:53,   20.9,   25.1,    506
19:03:53,   20.9,   25.1,    510
19:04:53,   20.9,   25.2,    501
19:05:53,   20.9,   25.2,    501
19:06:53,   20.9,   25.2,    514
19:07:53,   20.9,   25.1,    523
19:08:53,   20.9,   25.1,    523
19:09:53,   20.9,   25.2,    508
19:10:53,   20.9,   25.3,    504
19:11:53,   20.9,   25.3,    503
19:12:53,   20.9,   25.3,    511
19:13:53,   20.9,   25.3,    511
19:14:54,   20.9,   25.4,    511
19:15:54,   20.9,   25.3,    505
19:16:54,   20.9,   25.3,    516
19:17:54,   20.9,   25.3,    503
19:18:54,   20.9,   25.4,    498
19:19:54,   20.9,   25.4,    513
19:20:54,   20.9,   25.3,    504
19:21:54,   20.8,   25.3,    501
19:22:54,   20.8,   25.5,    498
19:23:54,   20.8,   25.5,    498
19:24:54,   20.8,   25.5,    500
19:25:54,   20.8,   25.5,    504
19:26:54,   20.8,   25.4,    504
19:27:54,   20.8,   25.5,    501
19:28:54,   20.8,   25.5,    504
19:29:54,   20.8,   25.6,    498
19:30:54,   20.8,   25.5,    504
19:31:55,   20.8,   25.4,    492
19:32:55,   20.9,   25.4,    502
19:33:55,   20.8,   25.3,    502
19:34:55,   20.8,   25.4,    502
19:35:55,   20.8,   25.4,    500
19:36:55,   20.8,   25.4,    500
19:37:55,   20.8,   25.4,    507
19:38:55,   20.8,   25.4,    491
19:39:55,   20.8,   25.4,    500
19:40:55,   20.8,   25.4,    500
19:41:55,   20.8,   25.4,    497
19:42:55,   20.8,   25.4,    502
19:43:55,   20.8,   25.4,    501
19:44:55,   20.8,   25.4,    497
19:45:55,   20.8,   25.5,    508
19:46:55,   20.7,   25.5,    498
19:47:55,   20.7,   25.5,    513
19:48:56,   20.7,   25.6,    500
19:49:56,   20.8,   25.6,    500
19:50:56,   20.8,   25.6,    499
19:51:56,   20.7,   25.6,    515
19:52:56,   20.8,   25.5,    511
19:53:56,   20.8,   25.6,    510
19:54:56,   20.8,   25.6,    510
19:55:56,   20.8,   25.5,    499
19:56:56,   20.8,   25.6,    508
19:57:56,   20.7,   25.6,    508
19:58:56,   20.7,   25.7,    512
19:59:56,   20.7,   25.7,    506
20:00:56,   20.7,   25.8,    512
20:01:56,   20.7,   25.8,    510
20:02:56,   20.7,   25.8,    497
20:03:56,   20.7,   25.9,    506
20:04:56,   20.7,   25.9,    515
20:05:57,   20.7,   25.9,    513
20:06:57,   20.7,   25.8,    510
20:07:57,   20.7,   25.8,    511
20:08:57,   20.7,   25.8,    510
20:09:57,   20.7,   25.9,    516
20:10:57,   20.8,   25.9,    512
20:11:57,   20.7,   25.8,    514
20:12:57,   20.7,   25.6,    508
20:13:57,   20.7,   25.5,    510
20:14:57,   20.6,   25.6,    510
20:15:57,   20.4,   25.7,    512
20:16:57,   20.3,   25.9,    501
20:17:57,   20.3,   26.1,    519
20:18:57,   20.2,   26.1,    497
20:19:57,   20.2,   26.1,    503
20:20:57,   20.3,   26.0,    503
20:21:57,   20.3,   26.0,    495
20:22:58,   20.3,   26.0,    495
20:23:58,   20.4,   25.8,    494
20:24:58,   20.4,   25.8,    501
20:25:58,   20.4,   25.8,    502
20:26:58,   20.5,   25.8,    513
20:27:58,   20.5,   25.7,    510
20:28:58,   20.5,   25.5,    510
20:29:58,   20.6,   25.6,    505
20:30:58,   20.6,   25.5,    510
20:31:58,   20.6,   25.2,    510
20:32:58,   20.6,   25.1,    500
20:33:58,   20.6,   25.2,    500
20:34:58,   20.6,   25.1,    507
20:35:58,   20.6,   25.1,    493
20:36:58,   20.7,   25.0,    509
20:37:58,   20.7,   25.0,    504
20:38:59,   20.7,   25.0,    505
20:39:59,   20.7,   24.9,    505
20:40:59,   20.7,   24.9,    507
20:41:59,   20.7,   24.9,    505
20:42:59,   20.7,   24.8,    508
20:43:59,   20.7,   24.8,    500
20:44:59,   20.7,   24.7,    501
20:45:59,   20.8,   24.6,    520
20:46:59,   20.8,   24.5,    506
20:47:59,   20.8,   24.5,    502
20:48:59,   20.8,   24.5,    506
20:49:59,   20.7,   24.5,    502
20:50:59,   20.7,   24.3,    507
20:51:59,   20.7,   24.4,    503
20:52:59,   20.6,   24.3,    499
20:53:59,   20.6,   24.3,    506
20:54:59,   20.6,   24.4,    501
20:56:00,   20.6,   24.3,    506
20:57:00,   20.6,   24.4,    515
20:58:00,   20.6,   24.3,    515
20:59:00,   20.6,   24.3,    502
21:00:00,   20.6,   24.3,    502
21:01:00,   20.6,   24.3,    492
21:02:00,   20.6,   24.2,    498
21:03:00,   20.6,   24.2,    498
21:04:00,   20.6,   24.4,    491
21:05:00,   20.6,   24.4,    498
21:06:00,   20.6,   24.3,    500
21:07:00,   20.6,   24.3,    500
21:08:00,   20.6,   24.4,    495
21:09:00,   20.6,   24.4,    493
21:10:00,   20.6,   24.4,    497
21:11:00,   20.6,   24.3,    498
21:12:00,   20.6,   24.2,    503
21:13:01,   20.6,   24.2,    500
21:14:01,   20.6,   24.2,    500
21:15:01,   20.6,   24.3,    500
21:16:01,   20.6,   24.2,    495
21:17:01,   20.6,   24.2,    502
21:18:01,   20.6,   24.2,    495
21:19:01,   20.6,   24.1,    495
21:20:01,   20.6,   24.1,    495
21:21:01,   20.6,   24.1,    491
21:22:01,   20.6,   24.1,    495
21:23:01,   20.6,   24.0,    502
21:24:01,   20.6,   24.0,    499
21:25:01,   20.7,   24.1,    502
21:26:01,   20.7,   24.0,    492
21:27:01,   20.7,   24.0,    503
21:28:01,   20.7,   24.1,    485
21:29:01,   20.7,   24.0,    501
21:30:02,   20.7,   24.2,    491
21:31:02,   20.7,   24.3,    492
21:32:02,   20.7,   24.3,    497
21:33:02,   20.7,   24.4,    498
21:34:02,   20.7,   24.5,    503
21:35:02,   20.7,   24.6,    503
21:36:02,   20.7,   24.6,    507
21:37:02,   20.7,   24.7,    514
21:38:02,   20.7,   24.7,    505
21:39:02,   20.7,   24.7,    509
21:40:02,   20.7,   24.7,    506
21:41:02,   20.7,   24.7,    505
21:42:02,   20.7,   24.7,    506
21:43:02,   20.7,   24.6,    521
21:44:02,   20.7,   24.5,    513
21:45:02,   20.7,   24.4,    511
21:46:02,   20.7,   24.2,    518
21:47:03,   20.7,   24.2,    509
21:48:03,   20.6,   24.2,    515
21:49:03,   20.6,   24.1,    502
21:50:03,   20.6,   24.2,    502
21:51:03,   20.6,   24.3,    502
21:52:03,   20.6,   24.2,    501
21:53:03,   20.6,   24.2,    501
21:54:03,   20.6,   24.2,    504
21:55:03,   20.6,   24.3,    503
21:56:03,   20.5,   24.3,    503
21:57:03,   20.5,   24.4,    495
21:58:03,   20.5,   24.4,    503
21:59:03,   20.5,   24.6,    490
22:00:03,   20.5,   24.5,    493
22:01:03,   20.6,   24.6,    502
22:02:03,   20.6,   24.5,    506
22:03:03,   20.6,   24.5,    511
22:04:04,   20.5,   24.5,    506
22:05:04,   20.6,   24.4,    499
22:06:04,   20.5,   24.3,    499
22:07:04,   20.4,   23.9,    491
22:08:04,   20.3,   24.4,    509
22:09:04,   20.4,   24.8,    498
22:10:04,   20.5,   24.7,    515
22:11:04,   20.6,   24.7,    510
22:12:04,   20.7,   24.8,    510
22:13:04,   20.8,   24.7,    516
22:14:04,   20.8,   24.7,    528
22:15:04,   20.9,   24.6,    528
22:16:04,   20.9,   24.5,    550
22:17:04,   20.9,   24.4,    552
22:18:04,   20.9,   24.3,    564
22:19:04,   20.9,   24.4,    552
22:20:04,   20.9,   24.4,    546
22:21:05,   20.9,   24.4,    549
22:22:05,   20.9,   24.4,    549
22:23:05,   20.9,   24.4,    549
22:24:05,   20.9,   24.4,    554
22:25:05,   20.8,   24.4,    554
22:26:05,   20.8,   24.3,    550
22:27:05,   20.8,   24.4,    554
22:28:05,   20.8,   24.3,    547
22:29:05,   20.8,   24.2,    552
22:30:05,   20.7,   24.4,    558
22:31:05,   20.7,   24.4,    553
22:32:05,   20.7,   24.5,    553
22:33:05,   20.7,   24.5,    549
22:34:05,   20.7,   24.6,    553
22:35:05,   20.7,   24.5,    563
22:36:05,   20.7,   24.6,    550
22:37:06,   20.7,   24.5,    557
22:38:06,   20.7,   24.5,    562
22:39:06,   20.7,   24.4,    563
22:40:06,   20.6,   24.1,    560
22:41:06,   20.6,   24.4,    564
22:42:06,   20.5,   24.3,    549
22:43:06,   20.5,   24.2,    564
22:44:06,   20.5,   24.2,    548
22:45:06,   20.4,   24.3,    540
22:46:06,   20.4,   24.3,    534
22:47:06,   20.4,   24.5,    547
22:48:06,   20.4,   24.4,    546
22:49:06,   20.4,   24.4,    542
22:50:06,   20.3,   24.4,    537
22:51:06,   20.3,   24.4,    542
22:52:06,   20.3,   24.4,    537
22:53:06,   20.3,   24.2,    532
22:54:07,   20.2,   24.2,    534
22:55:07,   20.2,   24.5,    537
22:56:07,   20.2,   24.5,    543
22:57:07,   20.2,   24.4,    534
22:58:07,   20.1,   24.5,    536
22:59:07,   20.1,   24.2,    536
23:00:07,   20.1,   24.5,    535
23:01:07,   20.1,   24.5,    548
23:02:07,   20.1,   24.2,    536
23:03:07,   20.0,   24.5,    536
23:04:07,   20.0,   24.1,    536
23:05:07,   20.0,   24.2,    531
23:06:07,   20.0,   24.5,    531
23:07:07,   20.0,   24.5,    530
23:08:07,   19.9,   24.6,    526
23:09:07,   19.9,   24.5,    528
23:10:07,   19.9,   24.4,    535
23:11:08,   19.9,   24.7,    524
23:12:08,   19.9,   24.6,    531
23:13:08,   19.9,   24.2,    531
23:14:08,   19.8,   24.2,    532
23:15:08,   19.8,   24.5,    511
23:16:08,   19.8,   24.3,    520
23:17:08,   19.7,   24.6,    523
23:18:08,   19.7,   24.5,    528
23:19:08,   19.7,   24.5,    521
23:20:08,   19.7,   24.2,    529
23:21:08,   19.7,   24.4,    524
23:22:08,   19.7,   24.5,    524
23:23:08,   19.7,   24.5,    515
23:24:08,   19.6,   24.5,    515
23:25:08,   19.6,   24.6,    522
23:26:08,   19.6,   24.5,    522
23:27:08,   19.5,   24.4,    524
23:28:09,   19.5,   24.2,    524
23:29:09,   19.5,   24.8,    525
23:30:09,   19.5,   24.6,    513
23:31:09,   19.5,   24.6,    516
23:32:09,   19.5,   24.5,    513
23:33:09,   19.5,   24.5,    506
23:34:09,   19.4,   24.5,    519
23:35:09,   19.4,   24.6,    511
23:36:09,   19.4,   24.4,    520
23:37:09,   19.4,   24.5,    512
23:38:09,   19.4,   24.6,    511
23:39:09,   19.4,   24.6,    505
23:40:09,   19.3,   24.3,    508
23:41:09,   19.3,   24.4,    507
23:42:09,   19.3,   24.6,    503
23:43:09,   19.3,   24.6,    501
23:44:09,   19.3,   24.6,    502
23:45:10,   19.2,   24.6,    504
23:46:10,   19.2,   24.7,    509
23:47:10,   19.2,   24.7,    505
23:48:10,   19.2,   24.8,    511
23:49:10,   19.2,   24.7,    513
23:50:10,   19.2,   24.7,    499
23:51:10,   19.2,   24.8,    501
23:52:10,   19.2,   24.8,    502
23:53:10,   19.1,   24.8,    506
23:54:10,   19.1,   24.8,    514
23:55:10,   19.1,   24.8,    503
23:56:10,   19.1,   24.7,    507
23:57:10,   19.1,   24.6,    494
23:58:10,   19.1,   24.7,    492
23:59:10,   19.1,   24.8,    495
